{"cameraMode":{"drawMode":0,"name":"Shaded","section":"Shading Mode"},"sceneLighting":true,"audioPlay":false,"sceneViewState":{"m_AlwaysRefresh":false,"showFog":true,"showSkybox":true,"showFlares":true,"showImageEffects":true,"showParticleSystems":true,"showVisualEffectGraphs":true,"m_FxEnabled":true},"in2DMode":false,"pivot":{"x":6.528275012969971,"y":2.0681917667388918,"z":-13.346563339233399},"rotation":{"x":-0.08732833713293076,"y":-0.44550246000289919,"z":0.04370556399226189,"w":-0.8899533748626709},"size":3.338120222091675,"orthographic":false}